[
{
  "model": "admin.logentry",
  "pk": 1,
  "fields": {
    "action_time": "2026-01-29T07:12:00.244Z",
    "user": 1,
    "content_type": 10,
    "object_id": "2",
    "object_repr": "лала (2026-01-05 - 2026-01-11)",
    "action_flag": 1,
    "change_message": "[{\"added\": {}}]"
  }
},
{
  "model": "admin.logentry",
  "pk": 2,
  "fields": {
    "action_time": "2026-01-29T07:12:25.508Z",
    "user": 1,
    "content_type": 10,
    "object_id": "3",
    "object_repr": "12-18 января (2026-01-12 - 2026-01-18)",
    "action_flag": 1,
    "change_message": "[{\"added\": {}}]"
  }
},
{
  "model": "admin.logentry",
  "pk": 3,
  "fields": {
    "action_time": "2026-01-29T07:13:06.649Z",
    "user": 1,
    "content_type": 10,
    "object_id": "2",
    "object_repr": "5-11 января (2026-01-05 - 2026-01-11)",
    "action_flag": 2,
    "change_message": "[{\"changed\": {\"fields\": [\"\\u041d\\u0430\\u0437\\u0432\\u0430\\u043d\\u0438\\u0435 \\u0433\\u0440\\u0430\\u0444\\u0438\\u043a\\u0430\"]}}]"
  }
},
{
  "model": "admin.logentry",
  "pk": 4,
  "fields": {
    "action_time": "2026-01-29T07:13:19.175Z",
    "user": 1,
    "content_type": 10,
    "object_id": "1",
    "object_repr": "2-8 февраля (2026-02-02 - 2026-02-08)",
    "action_flag": 2,
    "change_message": "[{\"changed\": {\"fields\": [\"\\u041d\\u0430\\u0437\\u0432\\u0430\\u043d\\u0438\\u0435 \\u0433\\u0440\\u0430\\u0444\\u0438\\u043a\\u0430\"]}}]"
  }
},
{
  "model": "admin.logentry",
  "pk": 5,
  "fields": {
    "action_time": "2026-01-29T07:13:40.858Z",
    "user": 1,
    "content_type": 10,
    "object_id": "4",
    "object_repr": "19-25 января (2026-01-19 - 2026-01-25)",
    "action_flag": 1,
    "change_message": "[{\"added\": {}}]"
  }
},
{
  "model": "admin.logentry",
  "pk": 6,
  "fields": {
    "action_time": "2026-01-29T07:14:54.339Z",
    "user": 1,
    "content_type": 11,
    "object_id": "96",
    "object_repr": "milena - tabata (2026-01-05 09:00-09:50)",
    "action_flag": 1,
    "change_message": "[{\"added\": {}}]"
  }
},
{
  "model": "admin.logentry",
  "pk": 7,
  "fields": {
    "action_time": "2026-01-29T07:15:23.753Z",
    "user": 1,
    "content_type": 11,
    "object_id": "97",
    "object_repr": "sofa - tabata (2026-01-06 10:00-10:50)",
    "action_flag": 1,
    "change_message": "[{\"added\": {}}]"
  }
},
{
  "model": "admin.logentry",
  "pk": 8,
  "fields": {
    "action_time": "2026-01-29T07:19:07.503Z",
    "user": 1,
    "content_type": 10,
    "object_id": "4",
    "object_repr": "19-25 января (2026-01-19 - 2026-01-25)",
    "action_flag": 3,
    "change_message": ""
  }
},
{
  "model": "admin.logentry",
  "pk": 9,
  "fields": {
    "action_time": "2026-01-29T07:19:13.794Z",
    "user": 1,
    "content_type": 10,
    "object_id": "3",
    "object_repr": "12-18 января (2026-01-12 - 2026-01-18)",
    "action_flag": 3,
    "change_message": ""
  }
},
{
  "model": "admin.logentry",
  "pk": 10,
  "fields": {
    "action_time": "2026-01-29T07:19:17.394Z",
    "user": 1,
    "content_type": 10,
    "object_id": "2",
    "object_repr": "5-11 января (2026-01-05 - 2026-01-11)",
    "action_flag": 3,
    "change_message": ""
  }
},
{
  "model": "auth.user",
  "pk": 1,
  "fields": {
    "password": "pbkdf2_sha256$720000$uVtmt84hk1qXievjfWTPE5$SH2+9EaVe7LSbmwKWLZFqV9l6yk6D2aeGjFbOTzT2BI=",
    "last_login": "2026-01-31T08:29:35.378Z",
    "is_superuser": true,
    "username": "manager",
    "first_name": "",
    "last_name": "",
    "email": "",
    "is_staff": true,
    "is_active": true,
    "date_joined": "2026-01-28T05:14:14.755Z",
    "groups": [],
    "user_permissions": []
  }
},
{
  "model": "auth.user",
  "pk": 2,
  "fields": {
    "password": "pbkdf2_sha256$720000$J31nMIwIaPWtlpddnpXMbW$4uig7EkQnbDiFQs7qtc4Txz1Q9sYQExlTT21wIkoH3M=",
    "last_login": "2026-01-31T07:45:32.668Z",
    "is_superuser": false,
    "username": "milena",
    "first_name": "милена",
    "last_name": "степанова",
    "email": "milenast2021lili@gmail.com",
    "is_staff": false,
    "is_active": true,
    "date_joined": "2026-01-28T05:16:32.713Z",
    "groups": [],
    "user_permissions": []
  }
},
{
  "model": "auth.user",
  "pk": 3,
  "fields": {
    "password": "pbkdf2_sha256$720000$fsNnJos2cLT19Jplu1UymN$UT2vxohp2OpOdO8j1EvIrIA/S1L+djbfGHY2ak9R7Ow=",
    "last_login": "2026-01-28T07:11:53.428Z",
    "is_superuser": false,
    "username": "sofa",
    "first_name": "софа",
    "last_name": "токарева",
    "email": "sh998135@gmail.com",
    "is_staff": false,
    "is_active": true,
    "date_joined": "2026-01-28T05:18:29.039Z",
    "groups": [],
    "user_permissions": []
  }
},
{
  "model": "auth.user",
  "pk": 4,
  "fields": {
    "password": "pbkdf2_sha256$720000$aPEUoB416LTsFGVq3qA2RJ$+CQQuyLjq9NZ7+E4PQ1o52m9fFsxCvCVqeH4JlpgCl8=",
    "last_login": "2026-01-30T09:51:39.696Z",
    "is_superuser": false,
    "username": "alina",
    "first_name": "алина",
    "last_name": "маннурова",
    "email": "aliiiin12e@gmail.com",
    "is_staff": false,
    "is_active": true,
    "date_joined": "2026-01-28T06:39:21.996Z",
    "groups": [],
    "user_permissions": []
  }
},
{
  "model": "auth.user",
  "pk": 5,
  "fields": {
    "password": "pbkdf2_sha256$720000$aN0UKe4stz3LPsNhFpXp7O$TIAO1SpzxE7nbGbU6sP3qpp/Td7qOgXjygYpqhRgJJw=",
    "last_login": null,
    "is_superuser": false,
    "username": "mil",
    "first_name": "Милена",
    "last_name": "Степан",
    "email": "millimail.com",
    "is_staff": false,
    "is_active": true,
    "date_joined": "2026-01-31T07:32:06.559Z",
    "groups": [],
    "user_permissions": []
  }
},
{
  "model": "core.userprofile",
  "pk": 1,
  "fields": {
    "user": 1,
    "role": "manager",
    "phone": "89872724005",
    "position": "trainer",
    "invitation_timestamp": null
  }
},
{
  "model": "core.userprofile",
  "pk": 2,
  "fields": {
    "user": 2,
    "role": "employee",
    "phone": "89872724005",
    "position": "trainer",
    "invitation_timestamp": null
  }
},
{
  "model": "core.userprofile",
  "pk": 3,
  "fields": {
    "user": 3,
    "role": "employee",
    "phone": "89872724001",
    "position": "тренер",
    "invitation_timestamp": null
  }
},
{
  "model": "core.userprofile",
  "pk": 4,
  "fields": {
    "user": 4,
    "role": "employee",
    "phone": "89872724000",
    "position": "тренер",
    "invitation_timestamp": null
  }
},
{
  "model": "core.userprofile",
  "pk": 5,
  "fields": {
    "user": 5,
    "role": "employee",
    "phone": "+79872724005",
    "position": "trainer",
    "invitation_timestamp": "2026-01-31T07:40:36.831Z"
  }
},
{
  "model": "core.workouttype",
  "pk": 1,
  "fields": {
    "name": "tabata",
    "description": ""
  }
},
{
  "model": "core.workouttype",
  "pk": 2,
  "fields": {
    "name": "streching",
    "description": ""
  }
},
{
  "model": "core.schedule",
  "pk": 1,
  "fields": {
    "name": "2-8 февраля",
    "start_date": "2026-02-02",
    "end_date": "2026-02-08",
    "status": "pending",
    "created_by": 1,
    "created_at": "2026-01-28T06:12:22.636Z",
    "updated_at": "2026-01-29T07:13:19.173Z"
  }
},
{
  "model": "core.schedule",
  "pk": 5,
  "fields": {
    "name": "Демо-график за 19.01–25.01.2026",
    "start_date": "2026-01-19",
    "end_date": "2026-01-25",
    "status": "approved",
    "created_by": null,
    "created_at": "2026-01-29T07:18:08.021Z",
    "updated_at": "2026-01-29T07:18:08.021Z"
  }
},
{
  "model": "core.schedule",
  "pk": 6,
  "fields": {
    "name": "Демо-график за 12.01–18.01.2026",
    "start_date": "2026-01-12",
    "end_date": "2026-01-18",
    "status": "approved",
    "created_by": null,
    "created_at": "2026-01-29T07:18:08.300Z",
    "updated_at": "2026-01-29T07:18:08.300Z"
  }
},
{
  "model": "core.schedule",
  "pk": 7,
  "fields": {
    "name": "Демо-график за 05.01–11.01.2026",
    "start_date": "2026-01-05",
    "end_date": "2026-01-11",
    "status": "approved",
    "created_by": null,
    "created_at": "2026-01-29T07:18:08.609Z",
    "updated_at": "2026-01-29T07:18:08.609Z"
  }
},
{
  "model": "core.schedule",
  "pk": 8,
  "fields": {
    "name": "Демо-график за 29.12–04.01.2026",
    "start_date": "2025-12-29",
    "end_date": "2026-01-04",
    "status": "approved",
    "created_by": null,
    "created_at": "2026-01-29T07:18:08.963Z",
    "updated_at": "2026-01-29T07:18:08.963Z"
  }
},
{
  "model": "core.shiftassignment",
  "pk": 67,
  "fields": {
    "schedule": 1,
    "employee": 4,
    "workout_type": 1,
    "date": "2026-02-02",
    "start_time": "09:00:00",
    "end_time": null,
    "status": "scheduled",
    "actual_hours": null
  }
},
{
  "model": "core.shiftassignment",
  "pk": 68,
  "fields": {
    "schedule": 1,
    "employee": 2,
    "workout_type": 1,
    "date": "2026-02-03",
    "start_time": "09:00:00",
    "end_time": null,
    "status": "scheduled",
    "actual_hours": null
  }
},
{
  "model": "core.shiftassignment",
  "pk": 69,
  "fields": {
    "schedule": 1,
    "employee": 4,
    "workout_type": 1,
    "date": "2026-02-05",
    "start_time": "09:00:00",
    "end_time": null,
    "status": "scheduled",
    "actual_hours": null
  }
},
{
  "model": "core.shiftassignment",
  "pk": 70,
  "fields": {
    "schedule": 1,
    "employee": 4,
    "workout_type": 1,
    "date": "2026-02-02",
    "start_time": "10:00:00",
    "end_time": null,
    "status": "scheduled",
    "actual_hours": null
  }
},
{
  "model": "core.shiftassignment",
  "pk": 71,
  "fields": {
    "schedule": 1,
    "employee": 3,
    "workout_type": 1,
    "date": "2026-02-03",
    "start_time": "10:00:00",
    "end_time": null,
    "status": "scheduled",
    "actual_hours": null
  }
},
{
  "model": "core.shiftassignment",
  "pk": 72,
  "fields": {
    "schedule": 1,
    "employee": 4,
    "workout_type": 1,
    "date": "2026-02-05",
    "start_time": "10:00:00",
    "end_time": null,
    "status": "scheduled",
    "actual_hours": null
  }
},
{
  "model": "core.shiftassignment",
  "pk": 73,
  "fields": {
    "schedule": 1,
    "employee": 4,
    "workout_type": 1,
    "date": "2026-02-02",
    "start_time": "11:00:00",
    "end_time": null,
    "status": "scheduled",
    "actual_hours": null
  }
},
{
  "model": "core.shiftassignment",
  "pk": 74,
  "fields": {
    "schedule": 1,
    "employee": 2,
    "workout_type": 1,
    "date": "2026-02-03",
    "start_time": "11:00:00",
    "end_time": null,
    "status": "scheduled",
    "actual_hours": null
  }
},
{
  "model": "core.shiftassignment",
  "pk": 75,
  "fields": {
    "schedule": 1,
    "employee": 4,
    "workout_type": 1,
    "date": "2026-02-05",
    "start_time": "11:00:00",
    "end_time": null,
    "status": "scheduled",
    "actual_hours": null
  }
},
{
  "model": "core.shiftassignment",
  "pk": 76,
  "fields": {
    "schedule": 1,
    "employee": 2,
    "workout_type": 1,
    "date": "2026-02-03",
    "start_time": "12:00:00",
    "end_time": null,
    "status": "scheduled",
    "actual_hours": null
  }
},
{
  "model": "core.shiftassignment",
  "pk": 77,
  "fields": {
    "schedule": 1,
    "employee": 4,
    "workout_type": 1,
    "date": "2026-02-05",
    "start_time": "12:00:00",
    "end_time": null,
    "status": "scheduled",
    "actual_hours": null
  }
},
{
  "model": "core.shiftassignment",
  "pk": 78,
  "fields": {
    "schedule": 1,
    "employee": 2,
    "workout_type": 1,
    "date": "2026-02-03",
    "start_time": "13:00:00",
    "end_time": null,
    "status": "scheduled",
    "actual_hours": null
  }
},
{
  "model": "core.shiftassignment",
  "pk": 79,
  "fields": {
    "schedule": 1,
    "employee": 4,
    "workout_type": 1,
    "date": "2026-02-03",
    "start_time": "15:00:00",
    "end_time": null,
    "status": "scheduled",
    "actual_hours": null
  }
},
{
  "model": "core.shiftassignment",
  "pk": 80,
  "fields": {
    "schedule": 1,
    "employee": 3,
    "workout_type": 1,
    "date": "2026-02-02",
    "start_time": "16:00:00",
    "end_time": null,
    "status": "scheduled",
    "actual_hours": null
  }
},
{
  "model": "core.shiftassignment",
  "pk": 81,
  "fields": {
    "schedule": 1,
    "employee": 4,
    "workout_type": 1,
    "date": "2026-02-03",
    "start_time": "16:00:00",
    "end_time": null,
    "status": "scheduled",
    "actual_hours": null
  }
},
{
  "model": "core.shiftassignment",
  "pk": 82,
  "fields": {
    "schedule": 1,
    "employee": 3,
    "workout_type": 1,
    "date": "2026-02-02",
    "start_time": "17:00:00",
    "end_time": null,
    "status": "scheduled",
    "actual_hours": null
  }
},
{
  "model": "core.shiftassignment",
  "pk": 83,
  "fields": {
    "schedule": 1,
    "employee": 2,
    "workout_type": 1,
    "date": "2026-02-03",
    "start_time": "17:00:00",
    "end_time": null,
    "status": "scheduled",
    "actual_hours": null
  }
},
{
  "model": "core.shiftassignment",
  "pk": 84,
  "fields": {
    "schedule": 1,
    "employee": 2,
    "workout_type": 1,
    "date": "2026-02-05",
    "start_time": "17:00:00",
    "end_time": null,
    "status": "scheduled",
    "actual_hours": null
  }
},
{
  "model": "core.shiftassignment",
  "pk": 85,
  "fields": {
    "schedule": 1,
    "employee": 3,
    "workout_type": 1,
    "date": "2026-02-02",
    "start_time": "18:00:00",
    "end_time": null,
    "status": "scheduled",
    "actual_hours": null
  }
},
{
  "model": "core.shiftassignment",
  "pk": 86,
  "fields": {
    "schedule": 1,
    "employee": 2,
    "workout_type": 1,
    "date": "2026-02-03",
    "start_time": "18:00:00",
    "end_time": null,
    "status": "scheduled",
    "actual_hours": null
  }
},
{
  "model": "core.shiftassignment",
  "pk": 87,
  "fields": {
    "schedule": 1,
    "employee": 2,
    "workout_type": 1,
    "date": "2026-02-05",
    "start_time": "18:00:00",
    "end_time": null,
    "status": "scheduled",
    "actual_hours": null
  }
},
{
  "model": "core.shiftassignment",
  "pk": 88,
  "fields": {
    "schedule": 1,
    "employee": 3,
    "workout_type": 1,
    "date": "2026-02-02",
    "start_time": "19:00:00",
    "end_time": null,
    "status": "scheduled",
    "actual_hours": null
  }
},
{
  "model": "core.shiftassignment",
  "pk": 89,
  "fields": {
    "schedule": 1,
    "employee": 2,
    "workout_type": 1,
    "date": "2026-02-03",
    "start_time": "19:00:00",
    "end_time": null,
    "status": "scheduled",
    "actual_hours": null
  }
},
{
  "model": "core.shiftassignment",
  "pk": 90,
  "fields": {
    "schedule": 1,
    "employee": 4,
    "workout_type": 1,
    "date": "2026-02-04",
    "start_time": "19:00:00",
    "end_time": null,
    "status": "scheduled",
    "actual_hours": null
  }
},
{
  "model": "core.shiftassignment",
  "pk": 91,
  "fields": {
    "schedule": 1,
    "employee": 2,
    "workout_type": 1,
    "date": "2026-02-05",
    "start_time": "19:00:00",
    "end_time": null,
    "status": "scheduled",
    "actual_hours": null
  }
},
{
  "model": "core.shiftassignment",
  "pk": 92,
  "fields": {
    "schedule": 1,
    "employee": 3,
    "workout_type": 1,
    "date": "2026-02-02",
    "start_time": "20:00:00",
    "end_time": null,
    "status": "scheduled",
    "actual_hours": null
  }
},
{
  "model": "core.shiftassignment",
  "pk": 93,
  "fields": {
    "schedule": 1,
    "employee": 2,
    "workout_type": 1,
    "date": "2026-02-03",
    "start_time": "20:00:00",
    "end_time": null,
    "status": "scheduled",
    "actual_hours": null
  }
},
{
  "model": "core.shiftassignment",
  "pk": 94,
  "fields": {
    "schedule": 1,
    "employee": 4,
    "workout_type": 1,
    "date": "2026-02-04",
    "start_time": "20:00:00",
    "end_time": null,
    "status": "scheduled",
    "actual_hours": null
  }
},
{
  "model": "core.shiftassignment",
  "pk": 95,
  "fields": {
    "schedule": 1,
    "employee": 2,
    "workout_type": 1,
    "date": "2026-02-05",
    "start_time": "20:00:00",
    "end_time": null,
    "status": "scheduled",
    "actual_hours": null
  }
},
{
  "model": "core.shiftassignment",
  "pk": 98,
  "fields": {
    "schedule": 5,
    "employee": 2,
    "workout_type": 2,
    "date": "2026-01-20",
    "start_time": "09:00:00",
    "end_time": "10:00:00",
    "status": "scheduled",
    "actual_hours": null
  }
},
{
  "model": "core.shiftassignment",
  "pk": 99,
  "fields": {
    "schedule": 5,
    "employee": 2,
    "workout_type": 1,
    "date": "2026-01-21",
    "start_time": "11:00:00",
    "end_time": "12:00:00",
    "status": "scheduled",
    "actual_hours": null
  }
},
{
  "model": "core.shiftassignment",
  "pk": 100,
  "fields": {
    "schedule": 5,
    "employee": 2,
    "workout_type": 1,
    "date": "2026-01-22",
    "start_time": "13:00:00",
    "end_time": "14:00:00",
    "status": "scheduled",
    "actual_hours": null
  }
},
{
  "model": "core.shiftassignment",
  "pk": 101,
  "fields": {
    "schedule": 5,
    "employee": 2,
    "workout_type": 2,
    "date": "2026-01-23",
    "start_time": "14:00:00",
    "end_time": "15:00:00",
    "status": "scheduled",
    "actual_hours": null
  }
},
{
  "model": "core.shiftassignment",
  "pk": 102,
  "fields": {
    "schedule": 5,
    "employee": 2,
    "workout_type": 2,
    "date": "2026-01-23",
    "start_time": "16:00:00",
    "end_time": "17:00:00",
    "status": "scheduled",
    "actual_hours": null
  }
},
{
  "model": "core.shiftassignment",
  "pk": 103,
  "fields": {
    "schedule": 5,
    "employee": 2,
    "workout_type": 2,
    "date": "2026-01-24",
    "start_time": "15:00:00",
    "end_time": "16:00:00",
    "status": "scheduled",
    "actual_hours": null
  }
},
{
  "model": "core.shiftassignment",
  "pk": 104,
  "fields": {
    "schedule": 5,
    "employee": 3,
    "workout_type": 1,
    "date": "2026-01-20",
    "start_time": "14:00:00",
    "end_time": "15:00:00",
    "status": "scheduled",
    "actual_hours": null
  }
},
{
  "model": "core.shiftassignment",
  "pk": 105,
  "fields": {
    "schedule": 5,
    "employee": 3,
    "workout_type": 2,
    "date": "2026-01-21",
    "start_time": "09:00:00",
    "end_time": "10:00:00",
    "status": "scheduled",
    "actual_hours": null
  }
},
{
  "model": "core.shiftassignment",
  "pk": 106,
  "fields": {
    "schedule": 5,
    "employee": 3,
    "workout_type": 2,
    "date": "2026-01-24",
    "start_time": "18:00:00",
    "end_time": "19:00:00",
    "status": "scheduled",
    "actual_hours": null
  }
},
{
  "model": "core.shiftassignment",
  "pk": 107,
  "fields": {
    "schedule": 5,
    "employee": 3,
    "workout_type": 2,
    "date": "2026-01-24",
    "start_time": "16:00:00",
    "end_time": "17:00:00",
    "status": "scheduled",
    "actual_hours": null
  }
},
{
  "model": "core.shiftassignment",
  "pk": 108,
  "fields": {
    "schedule": 5,
    "employee": 4,
    "workout_type": 2,
    "date": "2026-01-19",
    "start_time": "12:00:00",
    "end_time": "13:00:00",
    "status": "scheduled",
    "actual_hours": null
  }
},
{
  "model": "core.shiftassignment",
  "pk": 109,
  "fields": {
    "schedule": 5,
    "employee": 4,
    "workout_type": 2,
    "date": "2026-01-19",
    "start_time": "13:00:00",
    "end_time": "14:00:00",
    "status": "scheduled",
    "actual_hours": null
  }
},
{
  "model": "core.shiftassignment",
  "pk": 110,
  "fields": {
    "schedule": 5,
    "employee": 4,
    "workout_type": 2,
    "date": "2026-01-20",
    "start_time": "13:00:00",
    "end_time": "14:00:00",
    "status": "scheduled",
    "actual_hours": null
  }
},
{
  "model": "core.shiftassignment",
  "pk": 111,
  "fields": {
    "schedule": 5,
    "employee": 4,
    "workout_type": 2,
    "date": "2026-01-22",
    "start_time": "17:00:00",
    "end_time": "18:00:00",
    "status": "scheduled",
    "actual_hours": null
  }
},
{
  "model": "core.shiftassignment",
  "pk": 112,
  "fields": {
    "schedule": 5,
    "employee": 4,
    "workout_type": 2,
    "date": "2026-01-22",
    "start_time": "19:00:00",
    "end_time": "20:00:00",
    "status": "scheduled",
    "actual_hours": null
  }
},
{
  "model": "core.shiftassignment",
  "pk": 113,
  "fields": {
    "schedule": 5,
    "employee": 4,
    "workout_type": 2,
    "date": "2026-01-23",
    "start_time": "14:00:00",
    "end_time": "15:00:00",
    "status": "scheduled",
    "actual_hours": null
  }
},
{
  "model": "core.shiftassignment",
  "pk": 114,
  "fields": {
    "schedule": 5,
    "employee": 4,
    "workout_type": 2,
    "date": "2026-01-25",
    "start_time": "18:00:00",
    "end_time": "19:00:00",
    "status": "scheduled",
    "actual_hours": null
  }
},
{
  "model": "core.shiftassignment",
  "pk": 115,
  "fields": {
    "schedule": 6,
    "employee": 2,
    "workout_type": 1,
    "date": "2026-01-12",
    "start_time": "14:00:00",
    "end_time": "15:00:00",
    "status": "scheduled",
    "actual_hours": null
  }
},
{
  "model": "core.shiftassignment",
  "pk": 116,
  "fields": {
    "schedule": 6,
    "employee": 2,
    "workout_type": 2,
    "date": "2026-01-15",
    "start_time": "17:00:00",
    "end_time": "18:00:00",
    "status": "scheduled",
    "actual_hours": null
  }
},
{
  "model": "core.shiftassignment",
  "pk": 117,
  "fields": {
    "schedule": 6,
    "employee": 2,
    "workout_type": 1,
    "date": "2026-01-17",
    "start_time": "11:00:00",
    "end_time": "12:00:00",
    "status": "scheduled",
    "actual_hours": null
  }
},
{
  "model": "core.shiftassignment",
  "pk": 118,
  "fields": {
    "schedule": 6,
    "employee": 3,
    "workout_type": 1,
    "date": "2026-01-14",
    "start_time": "09:00:00",
    "end_time": "10:00:00",
    "status": "scheduled",
    "actual_hours": null
  }
},
{
  "model": "core.shiftassignment",
  "pk": 119,
  "fields": {
    "schedule": 6,
    "employee": 3,
    "workout_type": 2,
    "date": "2026-01-15",
    "start_time": "13:00:00",
    "end_time": "14:00:00",
    "status": "scheduled",
    "actual_hours": null
  }
},
{
  "model": "core.shiftassignment",
  "pk": 120,
  "fields": {
    "schedule": 6,
    "employee": 3,
    "workout_type": 1,
    "date": "2026-01-17",
    "start_time": "14:00:00",
    "end_time": "15:00:00",
    "status": "scheduled",
    "actual_hours": null
  }
},
{
  "model": "core.shiftassignment",
  "pk": 121,
  "fields": {
    "schedule": 6,
    "employee": 3,
    "workout_type": 1,
    "date": "2026-01-18",
    "start_time": "14:00:00",
    "end_time": "15:00:00",
    "status": "scheduled",
    "actual_hours": null
  }
},
{
  "model": "core.shiftassignment",
  "pk": 122,
  "fields": {
    "schedule": 6,
    "employee": 4,
    "workout_type": 2,
    "date": "2026-01-12",
    "start_time": "15:00:00",
    "end_time": "16:00:00",
    "status": "scheduled",
    "actual_hours": null
  }
},
{
  "model": "core.shiftassignment",
  "pk": 123,
  "fields": {
    "schedule": 6,
    "employee": 4,
    "workout_type": 2,
    "date": "2026-01-12",
    "start_time": "19:00:00",
    "end_time": "20:00:00",
    "status": "scheduled",
    "actual_hours": null
  }
},
{
  "model": "core.shiftassignment",
  "pk": 124,
  "fields": {
    "schedule": 6,
    "employee": 4,
    "workout_type": 2,
    "date": "2026-01-13",
    "start_time": "15:00:00",
    "end_time": "16:00:00",
    "status": "scheduled",
    "actual_hours": null
  }
},
{
  "model": "core.shiftassignment",
  "pk": 125,
  "fields": {
    "schedule": 6,
    "employee": 4,
    "workout_type": 1,
    "date": "2026-01-15",
    "start_time": "15:00:00",
    "end_time": "16:00:00",
    "status": "scheduled",
    "actual_hours": null
  }
},
{
  "model": "core.shiftassignment",
  "pk": 126,
  "fields": {
    "schedule": 6,
    "employee": 4,
    "workout_type": 2,
    "date": "2026-01-17",
    "start_time": "15:00:00",
    "end_time": "16:00:00",
    "status": "scheduled",
    "actual_hours": null
  }
},
{
  "model": "core.shiftassignment",
  "pk": 127,
  "fields": {
    "schedule": 6,
    "employee": 4,
    "workout_type": 2,
    "date": "2026-01-17",
    "start_time": "13:00:00",
    "end_time": "14:00:00",
    "status": "scheduled",
    "actual_hours": null
  }
},
{
  "model": "core.shiftassignment",
  "pk": 128,
  "fields": {
    "schedule": 7,
    "employee": 2,
    "workout_type": 2,
    "date": "2026-01-05",
    "start_time": "12:00:00",
    "end_time": "13:00:00",
    "status": "scheduled",
    "actual_hours": null
  }
},
{
  "model": "core.shiftassignment",
  "pk": 129,
  "fields": {
    "schedule": 7,
    "employee": 2,
    "workout_type": 1,
    "date": "2026-01-05",
    "start_time": "18:00:00",
    "end_time": "19:00:00",
    "status": "scheduled",
    "actual_hours": null
  }
},
{
  "model": "core.shiftassignment",
  "pk": 130,
  "fields": {
    "schedule": 7,
    "employee": 2,
    "workout_type": 1,
    "date": "2026-01-09",
    "start_time": "12:00:00",
    "end_time": "13:00:00",
    "status": "scheduled",
    "actual_hours": null
  }
},
{
  "model": "core.shiftassignment",
  "pk": 131,
  "fields": {
    "schedule": 7,
    "employee": 2,
    "workout_type": 2,
    "date": "2026-01-10",
    "start_time": "15:00:00",
    "end_time": "16:00:00",
    "status": "scheduled",
    "actual_hours": null
  }
},
{
  "model": "core.shiftassignment",
  "pk": 132,
  "fields": {
    "schedule": 7,
    "employee": 2,
    "workout_type": 2,
    "date": "2026-01-11",
    "start_time": "14:00:00",
    "end_time": "15:00:00",
    "status": "scheduled",
    "actual_hours": null
  }
},
{
  "model": "core.shiftassignment",
  "pk": 133,
  "fields": {
    "schedule": 7,
    "employee": 3,
    "workout_type": 2,
    "date": "2026-01-06",
    "start_time": "15:00:00",
    "end_time": "16:00:00",
    "status": "scheduled",
    "actual_hours": null
  }
},
{
  "model": "core.shiftassignment",
  "pk": 134,
  "fields": {
    "schedule": 7,
    "employee": 3,
    "workout_type": 1,
    "date": "2026-01-07",
    "start_time": "19:00:00",
    "end_time": "20:00:00",
    "status": "scheduled",
    "actual_hours": null
  }
},
{
  "model": "core.shiftassignment",
  "pk": 135,
  "fields": {
    "schedule": 7,
    "employee": 3,
    "workout_type": 2,
    "date": "2026-01-08",
    "start_time": "13:00:00",
    "end_time": "14:00:00",
    "status": "scheduled",
    "actual_hours": null
  }
},
{
  "model": "core.shiftassignment",
  "pk": 136,
  "fields": {
    "schedule": 7,
    "employee": 3,
    "workout_type": 1,
    "date": "2026-01-11",
    "start_time": "16:00:00",
    "end_time": "17:00:00",
    "status": "scheduled",
    "actual_hours": null
  }
},
{
  "model": "core.shiftassignment",
  "pk": 137,
  "fields": {
    "schedule": 7,
    "employee": 4,
    "workout_type": 2,
    "date": "2026-01-05",
    "start_time": "18:00:00",
    "end_time": "19:00:00",
    "status": "scheduled",
    "actual_hours": null
  }
},
{
  "model": "core.shiftassignment",
  "pk": 138,
  "fields": {
    "schedule": 7,
    "employee": 4,
    "workout_type": 2,
    "date": "2026-01-05",
    "start_time": "19:00:00",
    "end_time": "20:00:00",
    "status": "scheduled",
    "actual_hours": null
  }
},
{
  "model": "core.shiftassignment",
  "pk": 139,
  "fields": {
    "schedule": 7,
    "employee": 4,
    "workout_type": 1,
    "date": "2026-01-06",
    "start_time": "19:00:00",
    "end_time": "20:00:00",
    "status": "scheduled",
    "actual_hours": null
  }
},
{
  "model": "core.shiftassignment",
  "pk": 140,
  "fields": {
    "schedule": 7,
    "employee": 4,
    "workout_type": 1,
    "date": "2026-01-07",
    "start_time": "19:00:00",
    "end_time": "20:00:00",
    "status": "scheduled",
    "actual_hours": null
  }
},
{
  "model": "core.shiftassignment",
  "pk": 141,
  "fields": {
    "schedule": 7,
    "employee": 4,
    "workout_type": 2,
    "date": "2026-01-08",
    "start_time": "11:00:00",
    "end_time": "12:00:00",
    "status": "scheduled",
    "actual_hours": null
  }
},
{
  "model": "core.shiftassignment",
  "pk": 142,
  "fields": {
    "schedule": 7,
    "employee": 4,
    "workout_type": 1,
    "date": "2026-01-08",
    "start_time": "15:00:00",
    "end_time": "16:00:00",
    "status": "scheduled",
    "actual_hours": null
  }
},
{
  "model": "core.shiftassignment",
  "pk": 143,
  "fields": {
    "schedule": 7,
    "employee": 4,
    "workout_type": 2,
    "date": "2026-01-10",
    "start_time": "15:00:00",
    "end_time": "16:00:00",
    "status": "scheduled",
    "actual_hours": null
  }
},
{
  "model": "core.shiftassignment",
  "pk": 144,
  "fields": {
    "schedule": 7,
    "employee": 4,
    "workout_type": 1,
    "date": "2026-01-10",
    "start_time": "17:00:00",
    "end_time": "18:00:00",
    "status": "scheduled",
    "actual_hours": null
  }
},
{
  "model": "core.shiftassignment",
  "pk": 145,
  "fields": {
    "schedule": 8,
    "employee": 2,
    "workout_type": 2,
    "date": "2025-12-30",
    "start_time": "14:00:00",
    "end_time": "15:00:00",
    "status": "scheduled",
    "actual_hours": null
  }
},
{
  "model": "core.shiftassignment",
  "pk": 146,
  "fields": {
    "schedule": 8,
    "employee": 2,
    "workout_type": 1,
    "date": "2026-01-01",
    "start_time": "18:00:00",
    "end_time": "19:00:00",
    "status": "scheduled",
    "actual_hours": null
  }
},
{
  "model": "core.shiftassignment",
  "pk": 147,
  "fields": {
    "schedule": 8,
    "employee": 2,
    "workout_type": 1,
    "date": "2026-01-01",
    "start_time": "14:00:00",
    "end_time": "15:00:00",
    "status": "scheduled",
    "actual_hours": null
  }
},
{
  "model": "core.shiftassignment",
  "pk": 148,
  "fields": {
    "schedule": 8,
    "employee": 3,
    "workout_type": 2,
    "date": "2025-12-30",
    "start_time": "18:00:00",
    "end_time": "19:00:00",
    "status": "scheduled",
    "actual_hours": null
  }
},
{
  "model": "core.shiftassignment",
  "pk": 149,
  "fields": {
    "schedule": 8,
    "employee": 3,
    "workout_type": 2,
    "date": "2025-12-30",
    "start_time": "12:00:00",
    "end_time": "13:00:00",
    "status": "scheduled",
    "actual_hours": null
  }
},
{
  "model": "core.shiftassignment",
  "pk": 150,
  "fields": {
    "schedule": 8,
    "employee": 3,
    "workout_type": 1,
    "date": "2026-01-01",
    "start_time": "14:00:00",
    "end_time": "15:00:00",
    "status": "scheduled",
    "actual_hours": null
  }
},
{
  "model": "core.shiftassignment",
  "pk": 151,
  "fields": {
    "schedule": 8,
    "employee": 3,
    "workout_type": 2,
    "date": "2026-01-03",
    "start_time": "16:00:00",
    "end_time": "17:00:00",
    "status": "scheduled",
    "actual_hours": null
  }
},
{
  "model": "core.shiftassignment",
  "pk": 152,
  "fields": {
    "schedule": 8,
    "employee": 3,
    "workout_type": 1,
    "date": "2026-01-03",
    "start_time": "15:00:00",
    "end_time": "16:00:00",
    "status": "scheduled",
    "actual_hours": null
  }
},
{
  "model": "core.shiftassignment",
  "pk": 153,
  "fields": {
    "schedule": 8,
    "employee": 4,
    "workout_type": 2,
    "date": "2025-12-29",
    "start_time": "16:00:00",
    "end_time": "17:00:00",
    "status": "scheduled",
    "actual_hours": null
  }
},
{
  "model": "core.shiftassignment",
  "pk": 154,
  "fields": {
    "schedule": 8,
    "employee": 4,
    "workout_type": 1,
    "date": "2025-12-29",
    "start_time": "18:00:00",
    "end_time": "19:00:00",
    "status": "scheduled",
    "actual_hours": null
  }
},
{
  "model": "core.shiftassignment",
  "pk": 155,
  "fields": {
    "schedule": 8,
    "employee": 4,
    "workout_type": 1,
    "date": "2026-01-02",
    "start_time": "12:00:00",
    "end_time": "13:00:00",
    "status": "scheduled",
    "actual_hours": null
  }
},
{
  "model": "core.shiftassignment",
  "pk": 156,
  "fields": {
    "schedule": 8,
    "employee": 4,
    "workout_type": 1,
    "date": "2026-01-02",
    "start_time": "14:00:00",
    "end_time": "15:00:00",
    "status": "scheduled",
    "actual_hours": null
  }
},
{
  "model": "core.shiftassignment",
  "pk": 157,
  "fields": {
    "schedule": 8,
    "employee": 4,
    "workout_type": 2,
    "date": "2026-01-04",
    "start_time": "17:00:00",
    "end_time": "18:00:00",
    "status": "scheduled",
    "actual_hours": null
  }
},
{
  "model": "core.shiftassignment",
  "pk": 158,
  "fields": {
    "schedule": 8,
    "employee": 4,
    "workout_type": 1,
    "date": "2026-01-04",
    "start_time": "09:00:00",
    "end_time": "10:00:00",
    "status": "scheduled",
    "actual_hours": null
  }
},
{
  "model": "core.shiftassignment",
  "pk": 159,
  "fields": {
    "schedule": 5,
    "employee": 2,
    "workout_type": 1,
    "date": "2026-01-19",
    "start_time": "08:00:00",
    "end_time": "09:00:00",
    "status": "scheduled",
    "actual_hours": null
  }
},
{
  "model": "core.shiftassignment",
  "pk": 160,
  "fields": {
    "schedule": 5,
    "employee": 3,
    "workout_type": 1,
    "date": "2026-01-19",
    "start_time": "09:00:00",
    "end_time": "10:00:00",
    "status": "scheduled",
    "actual_hours": null
  }
},
{
  "model": "core.shiftassignment",
  "pk": 161,
  "fields": {
    "schedule": 5,
    "employee": 3,
    "workout_type": 1,
    "date": "2026-01-19",
    "start_time": "11:00:00",
    "end_time": "12:00:00",
    "status": "scheduled",
    "actual_hours": null
  }
},
{
  "model": "core.shiftassignment",
  "pk": 162,
  "fields": {
    "schedule": 5,
    "employee": 2,
    "workout_type": 1,
    "date": "2026-01-20",
    "start_time": "08:00:00",
    "end_time": "09:00:00",
    "status": "scheduled",
    "actual_hours": null
  }
},
{
  "model": "core.shiftassignment",
  "pk": 163,
  "fields": {
    "schedule": 5,
    "employee": 4,
    "workout_type": 1,
    "date": "2026-01-20",
    "start_time": "14:00:00",
    "end_time": "15:00:00",
    "status": "scheduled",
    "actual_hours": null
  }
},
{
  "model": "core.shiftassignment",
  "pk": 164,
  "fields": {
    "schedule": 5,
    "employee": 4,
    "workout_type": 1,
    "date": "2026-01-20",
    "start_time": "16:00:00",
    "end_time": "17:00:00",
    "status": "scheduled",
    "actual_hours": null
  }
},
{
  "model": "core.shiftassignment",
  "pk": 165,
  "fields": {
    "schedule": 5,
    "employee": 2,
    "workout_type": 1,
    "date": "2026-01-21",
    "start_time": "08:00:00",
    "end_time": "09:00:00",
    "status": "scheduled",
    "actual_hours": null
  }
},
{
  "model": "core.shiftassignment",
  "pk": 166,
  "fields": {
    "schedule": 5,
    "employee": 3,
    "workout_type": 1,
    "date": "2026-01-21",
    "start_time": "11:00:00",
    "end_time": "12:00:00",
    "status": "scheduled",
    "actual_hours": null
  }
},
{
  "model": "core.shiftassignment",
  "pk": 167,
  "fields": {
    "schedule": 5,
    "employee": 2,
    "workout_type": 1,
    "date": "2026-01-22",
    "start_time": "08:00:00",
    "end_time": "09:00:00",
    "status": "scheduled",
    "actual_hours": null
  }
},
{
  "model": "core.shiftassignment",
  "pk": 168,
  "fields": {
    "schedule": 5,
    "employee": 4,
    "workout_type": 1,
    "date": "2026-01-22",
    "start_time": "14:00:00",
    "end_time": "15:00:00",
    "status": "scheduled",
    "actual_hours": null
  }
},
{
  "model": "core.shiftassignment",
  "pk": 169,
  "fields": {
    "schedule": 5,
    "employee": 4,
    "workout_type": 1,
    "date": "2026-01-22",
    "start_time": "16:00:00",
    "end_time": "17:00:00",
    "status": "scheduled",
    "actual_hours": null
  }
},
{
  "model": "core.shiftassignment",
  "pk": 170,
  "fields": {
    "schedule": 5,
    "employee": 2,
    "workout_type": 1,
    "date": "2026-01-23",
    "start_time": "08:00:00",
    "end_time": "09:00:00",
    "status": "scheduled",
    "actual_hours": null
  }
},
{
  "model": "core.shiftassignment",
  "pk": 171,
  "fields": {
    "schedule": 5,
    "employee": 3,
    "workout_type": 1,
    "date": "2026-01-23",
    "start_time": "09:00:00",
    "end_time": "10:00:00",
    "status": "scheduled",
    "actual_hours": null
  }
},
{
  "model": "core.shiftassignment",
  "pk": 172,
  "fields": {
    "schedule": 5,
    "employee": 3,
    "workout_type": 1,
    "date": "2026-01-23",
    "start_time": "11:00:00",
    "end_time": "12:00:00",
    "status": "scheduled",
    "actual_hours": null
  }
},
{
  "model": "core.shiftassignment",
  "pk": 173,
  "fields": {
    "schedule": 5,
    "employee": 4,
    "workout_type": 1,
    "date": "2026-01-24",
    "start_time": "14:00:00",
    "end_time": "15:00:00",
    "status": "scheduled",
    "actual_hours": null
  }
},
{
  "model": "core.shiftassignment",
  "pk": 174,
  "fields": {
    "schedule": 5,
    "employee": 4,
    "workout_type": 1,
    "date": "2026-01-24",
    "start_time": "16:00:00",
    "end_time": "17:00:00",
    "status": "scheduled",
    "actual_hours": null
  }
},
{
  "model": "core.shiftassignment",
  "pk": 175,
  "fields": {
    "schedule": 6,
    "employee": 2,
    "workout_type": 1,
    "date": "2026-01-12",
    "start_time": "08:00:00",
    "end_time": "09:00:00",
    "status": "scheduled",
    "actual_hours": null
  }
},
{
  "model": "core.shiftassignment",
  "pk": 176,
  "fields": {
    "schedule": 6,
    "employee": 3,
    "workout_type": 1,
    "date": "2026-01-12",
    "start_time": "09:00:00",
    "end_time": "10:00:00",
    "status": "scheduled",
    "actual_hours": null
  }
},
{
  "model": "core.shiftassignment",
  "pk": 177,
  "fields": {
    "schedule": 6,
    "employee": 3,
    "workout_type": 1,
    "date": "2026-01-12",
    "start_time": "11:00:00",
    "end_time": "12:00:00",
    "status": "scheduled",
    "actual_hours": null
  }
},
{
  "model": "core.shiftassignment",
  "pk": 178,
  "fields": {
    "schedule": 6,
    "employee": 2,
    "workout_type": 1,
    "date": "2026-01-13",
    "start_time": "08:00:00",
    "end_time": "09:00:00",
    "status": "scheduled",
    "actual_hours": null
  }
},
{
  "model": "core.shiftassignment",
  "pk": 179,
  "fields": {
    "schedule": 6,
    "employee": 4,
    "workout_type": 1,
    "date": "2026-01-13",
    "start_time": "14:00:00",
    "end_time": "15:00:00",
    "status": "scheduled",
    "actual_hours": null
  }
},
{
  "model": "core.shiftassignment",
  "pk": 180,
  "fields": {
    "schedule": 6,
    "employee": 4,
    "workout_type": 1,
    "date": "2026-01-13",
    "start_time": "16:00:00",
    "end_time": "17:00:00",
    "status": "scheduled",
    "actual_hours": null
  }
},
{
  "model": "core.shiftassignment",
  "pk": 181,
  "fields": {
    "schedule": 6,
    "employee": 2,
    "workout_type": 1,
    "date": "2026-01-14",
    "start_time": "08:00:00",
    "end_time": "09:00:00",
    "status": "scheduled",
    "actual_hours": null
  }
},
{
  "model": "core.shiftassignment",
  "pk": 182,
  "fields": {
    "schedule": 6,
    "employee": 3,
    "workout_type": 1,
    "date": "2026-01-14",
    "start_time": "11:00:00",
    "end_time": "12:00:00",
    "status": "scheduled",
    "actual_hours": null
  }
},
{
  "model": "core.shiftassignment",
  "pk": 183,
  "fields": {
    "schedule": 6,
    "employee": 2,
    "workout_type": 1,
    "date": "2026-01-15",
    "start_time": "08:00:00",
    "end_time": "09:00:00",
    "status": "scheduled",
    "actual_hours": null
  }
},
{
  "model": "core.shiftassignment",
  "pk": 184,
  "fields": {
    "schedule": 6,
    "employee": 4,
    "workout_type": 1,
    "date": "2026-01-15",
    "start_time": "14:00:00",
    "end_time": "15:00:00",
    "status": "scheduled",
    "actual_hours": null
  }
},
{
  "model": "core.shiftassignment",
  "pk": 185,
  "fields": {
    "schedule": 6,
    "employee": 4,
    "workout_type": 1,
    "date": "2026-01-15",
    "start_time": "16:00:00",
    "end_time": "17:00:00",
    "status": "scheduled",
    "actual_hours": null
  }
},
{
  "model": "core.shiftassignment",
  "pk": 186,
  "fields": {
    "schedule": 6,
    "employee": 2,
    "workout_type": 1,
    "date": "2026-01-16",
    "start_time": "08:00:00",
    "end_time": "09:00:00",
    "status": "scheduled",
    "actual_hours": null
  }
},
{
  "model": "core.shiftassignment",
  "pk": 187,
  "fields": {
    "schedule": 6,
    "employee": 3,
    "workout_type": 1,
    "date": "2026-01-16",
    "start_time": "09:00:00",
    "end_time": "10:00:00",
    "status": "scheduled",
    "actual_hours": null
  }
},
{
  "model": "core.shiftassignment",
  "pk": 188,
  "fields": {
    "schedule": 6,
    "employee": 3,
    "workout_type": 1,
    "date": "2026-01-16",
    "start_time": "11:00:00",
    "end_time": "12:00:00",
    "status": "scheduled",
    "actual_hours": null
  }
},
{
  "model": "core.shiftassignment",
  "pk": 189,
  "fields": {
    "schedule": 6,
    "employee": 4,
    "workout_type": 1,
    "date": "2026-01-17",
    "start_time": "14:00:00",
    "end_time": "15:00:00",
    "status": "scheduled",
    "actual_hours": null
  }
},
{
  "model": "core.shiftassignment",
  "pk": 190,
  "fields": {
    "schedule": 6,
    "employee": 4,
    "workout_type": 1,
    "date": "2026-01-17",
    "start_time": "16:00:00",
    "end_time": "17:00:00",
    "status": "scheduled",
    "actual_hours": null
  }
},
{
  "model": "core.shiftassignment",
  "pk": 191,
  "fields": {
    "schedule": 7,
    "employee": 2,
    "workout_type": 1,
    "date": "2026-01-05",
    "start_time": "08:00:00",
    "end_time": "09:00:00",
    "status": "scheduled",
    "actual_hours": null
  }
},
{
  "model": "core.shiftassignment",
  "pk": 192,
  "fields": {
    "schedule": 7,
    "employee": 3,
    "workout_type": 1,
    "date": "2026-01-05",
    "start_time": "09:00:00",
    "end_time": "10:00:00",
    "status": "scheduled",
    "actual_hours": null
  }
},
{
  "model": "core.shiftassignment",
  "pk": 193,
  "fields": {
    "schedule": 7,
    "employee": 3,
    "workout_type": 1,
    "date": "2026-01-05",
    "start_time": "11:00:00",
    "end_time": "12:00:00",
    "status": "scheduled",
    "actual_hours": null
  }
},
{
  "model": "core.shiftassignment",
  "pk": 194,
  "fields": {
    "schedule": 7,
    "employee": 2,
    "workout_type": 1,
    "date": "2026-01-06",
    "start_time": "08:00:00",
    "end_time": "09:00:00",
    "status": "scheduled",
    "actual_hours": null
  }
},
{
  "model": "core.shiftassignment",
  "pk": 195,
  "fields": {
    "schedule": 7,
    "employee": 4,
    "workout_type": 1,
    "date": "2026-01-06",
    "start_time": "14:00:00",
    "end_time": "15:00:00",
    "status": "scheduled",
    "actual_hours": null
  }
},
{
  "model": "core.shiftassignment",
  "pk": 196,
  "fields": {
    "schedule": 7,
    "employee": 4,
    "workout_type": 1,
    "date": "2026-01-06",
    "start_time": "16:00:00",
    "end_time": "17:00:00",
    "status": "scheduled",
    "actual_hours": null
  }
},
{
  "model": "core.shiftassignment",
  "pk": 197,
  "fields": {
    "schedule": 7,
    "employee": 2,
    "workout_type": 1,
    "date": "2026-01-07",
    "start_time": "08:00:00",
    "end_time": "09:00:00",
    "status": "scheduled",
    "actual_hours": null
  }
},
{
  "model": "core.shiftassignment",
  "pk": 198,
  "fields": {
    "schedule": 7,
    "employee": 3,
    "workout_type": 1,
    "date": "2026-01-07",
    "start_time": "09:00:00",
    "end_time": "10:00:00",
    "status": "scheduled",
    "actual_hours": null
  }
},
{
  "model": "core.shiftassignment",
  "pk": 199,
  "fields": {
    "schedule": 7,
    "employee": 3,
    "workout_type": 1,
    "date": "2026-01-07",
    "start_time": "11:00:00",
    "end_time": "12:00:00",
    "status": "scheduled",
    "actual_hours": null
  }
},
{
  "model": "core.shiftassignment",
  "pk": 200,
  "fields": {
    "schedule": 7,
    "employee": 2,
    "workout_type": 1,
    "date": "2026-01-08",
    "start_time": "08:00:00",
    "end_time": "09:00:00",
    "status": "scheduled",
    "actual_hours": null
  }
},
{
  "model": "core.shiftassignment",
  "pk": 201,
  "fields": {
    "schedule": 7,
    "employee": 4,
    "workout_type": 1,
    "date": "2026-01-08",
    "start_time": "14:00:00",
    "end_time": "15:00:00",
    "status": "scheduled",
    "actual_hours": null
  }
},
{
  "model": "core.shiftassignment",
  "pk": 202,
  "fields": {
    "schedule": 7,
    "employee": 4,
    "workout_type": 1,
    "date": "2026-01-08",
    "start_time": "16:00:00",
    "end_time": "17:00:00",
    "status": "scheduled",
    "actual_hours": null
  }
},
{
  "model": "core.shiftassignment",
  "pk": 203,
  "fields": {
    "schedule": 7,
    "employee": 2,
    "workout_type": 1,
    "date": "2026-01-09",
    "start_time": "08:00:00",
    "end_time": "09:00:00",
    "status": "scheduled",
    "actual_hours": null
  }
},
{
  "model": "core.shiftassignment",
  "pk": 204,
  "fields": {
    "schedule": 7,
    "employee": 3,
    "workout_type": 1,
    "date": "2026-01-09",
    "start_time": "09:00:00",
    "end_time": "10:00:00",
    "status": "scheduled",
    "actual_hours": null
  }
},
{
  "model": "core.shiftassignment",
  "pk": 205,
  "fields": {
    "schedule": 7,
    "employee": 3,
    "workout_type": 1,
    "date": "2026-01-09",
    "start_time": "11:00:00",
    "end_time": "12:00:00",
    "status": "scheduled",
    "actual_hours": null
  }
},
{
  "model": "core.shiftassignment",
  "pk": 206,
  "fields": {
    "schedule": 7,
    "employee": 4,
    "workout_type": 1,
    "date": "2026-01-10",
    "start_time": "14:00:00",
    "end_time": "15:00:00",
    "status": "scheduled",
    "actual_hours": null
  }
},
{
  "model": "core.shiftassignment",
  "pk": 207,
  "fields": {
    "schedule": 7,
    "employee": 4,
    "workout_type": 1,
    "date": "2026-01-10",
    "start_time": "16:00:00",
    "end_time": "17:00:00",
    "status": "scheduled",
    "actual_hours": null
  }
},
{
  "model": "core.shiftassignment",
  "pk": 208,
  "fields": {
    "schedule": 8,
    "employee": 2,
    "workout_type": 1,
    "date": "2025-12-29",
    "start_time": "08:00:00",
    "end_time": "09:00:00",
    "status": "scheduled",
    "actual_hours": null
  }
},
{
  "model": "core.shiftassignment",
  "pk": 209,
  "fields": {
    "schedule": 8,
    "employee": 3,
    "workout_type": 1,
    "date": "2025-12-29",
    "start_time": "09:00:00",
    "end_time": "10:00:00",
    "status": "scheduled",
    "actual_hours": null
  }
},
{
  "model": "core.shiftassignment",
  "pk": 210,
  "fields": {
    "schedule": 8,
    "employee": 3,
    "workout_type": 1,
    "date": "2025-12-29",
    "start_time": "11:00:00",
    "end_time": "12:00:00",
    "status": "scheduled",
    "actual_hours": null
  }
},
{
  "model": "core.shiftassignment",
  "pk": 211,
  "fields": {
    "schedule": 8,
    "employee": 2,
    "workout_type": 1,
    "date": "2025-12-30",
    "start_time": "08:00:00",
    "end_time": "09:00:00",
    "status": "scheduled",
    "actual_hours": null
  }
},
{
  "model": "core.shiftassignment",
  "pk": 212,
  "fields": {
    "schedule": 8,
    "employee": 4,
    "workout_type": 1,
    "date": "2025-12-30",
    "start_time": "14:00:00",
    "end_time": "15:00:00",
    "status": "scheduled",
    "actual_hours": null
  }
},
{
  "model": "core.shiftassignment",
  "pk": 213,
  "fields": {
    "schedule": 8,
    "employee": 4,
    "workout_type": 1,
    "date": "2025-12-30",
    "start_time": "16:00:00",
    "end_time": "17:00:00",
    "status": "scheduled",
    "actual_hours": null
  }
},
{
  "model": "core.shiftassignment",
  "pk": 214,
  "fields": {
    "schedule": 8,
    "employee": 2,
    "workout_type": 1,
    "date": "2025-12-31",
    "start_time": "08:00:00",
    "end_time": "09:00:00",
    "status": "scheduled",
    "actual_hours": null
  }
},
{
  "model": "core.shiftassignment",
  "pk": 215,
  "fields": {
    "schedule": 8,
    "employee": 3,
    "workout_type": 1,
    "date": "2025-12-31",
    "start_time": "09:00:00",
    "end_time": "10:00:00",
    "status": "scheduled",
    "actual_hours": null
  }
},
{
  "model": "core.shiftassignment",
  "pk": 216,
  "fields": {
    "schedule": 8,
    "employee": 3,
    "workout_type": 1,
    "date": "2025-12-31",
    "start_time": "11:00:00",
    "end_time": "12:00:00",
    "status": "scheduled",
    "actual_hours": null
  }
},
{
  "model": "core.shiftassignment",
  "pk": 217,
  "fields": {
    "schedule": 8,
    "employee": 2,
    "workout_type": 1,
    "date": "2026-01-01",
    "start_time": "08:00:00",
    "end_time": "09:00:00",
    "status": "scheduled",
    "actual_hours": null
  }
},
{
  "model": "core.shiftassignment",
  "pk": 218,
  "fields": {
    "schedule": 8,
    "employee": 4,
    "workout_type": 1,
    "date": "2026-01-01",
    "start_time": "14:00:00",
    "end_time": "15:00:00",
    "status": "scheduled",
    "actual_hours": null
  }
},
{
  "model": "core.shiftassignment",
  "pk": 219,
  "fields": {
    "schedule": 8,
    "employee": 4,
    "workout_type": 1,
    "date": "2026-01-01",
    "start_time": "16:00:00",
    "end_time": "17:00:00",
    "status": "scheduled",
    "actual_hours": null
  }
},
{
  "model": "core.shiftassignment",
  "pk": 220,
  "fields": {
    "schedule": 8,
    "employee": 2,
    "workout_type": 1,
    "date": "2026-01-02",
    "start_time": "08:00:00",
    "end_time": "09:00:00",
    "status": "scheduled",
    "actual_hours": null
  }
},
{
  "model": "core.shiftassignment",
  "pk": 221,
  "fields": {
    "schedule": 8,
    "employee": 3,
    "workout_type": 1,
    "date": "2026-01-02",
    "start_time": "09:00:00",
    "end_time": "10:00:00",
    "status": "scheduled",
    "actual_hours": null
  }
},
{
  "model": "core.shiftassignment",
  "pk": 222,
  "fields": {
    "schedule": 8,
    "employee": 3,
    "workout_type": 1,
    "date": "2026-01-02",
    "start_time": "11:00:00",
    "end_time": "12:00:00",
    "status": "scheduled",
    "actual_hours": null
  }
},
{
  "model": "core.shiftassignment",
  "pk": 223,
  "fields": {
    "schedule": 8,
    "employee": 4,
    "workout_type": 1,
    "date": "2026-01-03",
    "start_time": "14:00:00",
    "end_time": "15:00:00",
    "status": "scheduled",
    "actual_hours": null
  }
},
{
  "model": "core.shiftassignment",
  "pk": 224,
  "fields": {
    "schedule": 8,
    "employee": 4,
    "workout_type": 1,
    "date": "2026-01-03",
    "start_time": "16:00:00",
    "end_time": "17:00:00",
    "status": "scheduled",
    "actual_hours": null
  }
},
{
  "model": "core.availability",
  "pk": 1,
  "fields": {
    "employee": 3,
    "date": "2026-02-02",
    "start_time": "16:00:00",
    "end_time": "16:50:00",
    "is_available": true,
    "updated_at": "2026-01-28T06:11:23.746Z"
  }
},
{
  "model": "core.availability",
  "pk": 2,
  "fields": {
    "employee": 3,
    "date": "2026-02-02",
    "start_time": "17:00:00",
    "end_time": "17:50:00",
    "is_available": true,
    "updated_at": "2026-01-28T06:11:23.749Z"
  }
},
{
  "model": "core.availability",
  "pk": 3,
  "fields": {
    "employee": 3,
    "date": "2026-02-02",
    "start_time": "18:00:00",
    "end_time": "18:50:00",
    "is_available": true,
    "updated_at": "2026-01-28T06:11:23.753Z"
  }
},
{
  "model": "core.availability",
  "pk": 4,
  "fields": {
    "employee": 3,
    "date": "2026-02-02",
    "start_time": "19:00:00",
    "end_time": "19:50:00",
    "is_available": true,
    "updated_at": "2026-01-28T06:11:23.756Z"
  }
},
{
  "model": "core.availability",
  "pk": 5,
  "fields": {
    "employee": 3,
    "date": "2026-02-02",
    "start_time": "20:00:00",
    "end_time": "20:50:00",
    "is_available": true,
    "updated_at": "2026-01-28T06:11:23.763Z"
  }
},
{
  "model": "core.availability",
  "pk": 6,
  "fields": {
    "employee": 3,
    "date": "2026-02-03",
    "start_time": "09:00:00",
    "end_time": "09:50:00",
    "is_available": true,
    "updated_at": "2026-01-28T06:11:23.767Z"
  }
},
{
  "model": "core.availability",
  "pk": 7,
  "fields": {
    "employee": 3,
    "date": "2026-02-03",
    "start_time": "10:00:00",
    "end_time": "10:50:00",
    "is_available": true,
    "updated_at": "2026-01-28T06:11:23.770Z"
  }
},
{
  "model": "core.availability",
  "pk": 8,
  "fields": {
    "employee": 2,
    "date": "2026-02-03",
    "start_time": "09:00:00",
    "end_time": "09:50:00",
    "is_available": true,
    "updated_at": "2026-01-28T06:11:56.216Z"
  }
},
{
  "model": "core.availability",
  "pk": 9,
  "fields": {
    "employee": 2,
    "date": "2026-02-03",
    "start_time": "10:00:00",
    "end_time": "10:50:00",
    "is_available": true,
    "updated_at": "2026-01-28T06:11:56.219Z"
  }
},
{
  "model": "core.availability",
  "pk": 10,
  "fields": {
    "employee": 2,
    "date": "2026-02-03",
    "start_time": "11:00:00",
    "end_time": "11:50:00",
    "is_available": true,
    "updated_at": "2026-01-28T06:11:56.222Z"
  }
},
{
  "model": "core.availability",
  "pk": 11,
  "fields": {
    "employee": 2,
    "date": "2026-02-03",
    "start_time": "12:00:00",
    "end_time": "12:50:00",
    "is_available": true,
    "updated_at": "2026-01-28T06:11:56.225Z"
  }
},
{
  "model": "core.availability",
  "pk": 12,
  "fields": {
    "employee": 2,
    "date": "2026-02-03",
    "start_time": "13:00:00",
    "end_time": "13:50:00",
    "is_available": true,
    "updated_at": "2026-01-28T06:11:56.228Z"
  }
},
{
  "model": "core.availability",
  "pk": 13,
  "fields": {
    "employee": 2,
    "date": "2026-02-03",
    "start_time": "17:00:00",
    "end_time": "17:50:00",
    "is_available": true,
    "updated_at": "2026-01-28T06:11:56.232Z"
  }
},
{
  "model": "core.availability",
  "pk": 14,
  "fields": {
    "employee": 2,
    "date": "2026-02-03",
    "start_time": "18:00:00",
    "end_time": "18:50:00",
    "is_available": true,
    "updated_at": "2026-01-28T06:11:56.237Z"
  }
},
{
  "model": "core.availability",
  "pk": 15,
  "fields": {
    "employee": 2,
    "date": "2026-02-03",
    "start_time": "19:00:00",
    "end_time": "19:50:00",
    "is_available": true,
    "updated_at": "2026-01-28T06:11:56.241Z"
  }
},
{
  "model": "core.availability",
  "pk": 16,
  "fields": {
    "employee": 2,
    "date": "2026-02-03",
    "start_time": "20:00:00",
    "end_time": "20:50:00",
    "is_available": true,
    "updated_at": "2026-01-28T06:11:56.245Z"
  }
},
{
  "model": "core.availability",
  "pk": 17,
  "fields": {
    "employee": 2,
    "date": "2026-02-05",
    "start_time": "17:00:00",
    "end_time": "17:50:00",
    "is_available": true,
    "updated_at": "2026-01-28T06:11:56.250Z"
  }
},
{
  "model": "core.availability",
  "pk": 18,
  "fields": {
    "employee": 2,
    "date": "2026-02-05",
    "start_time": "18:00:00",
    "end_time": "18:50:00",
    "is_available": true,
    "updated_at": "2026-01-28T06:11:56.254Z"
  }
},
{
  "model": "core.availability",
  "pk": 19,
  "fields": {
    "employee": 2,
    "date": "2026-02-05",
    "start_time": "19:00:00",
    "end_time": "19:50:00",
    "is_available": true,
    "updated_at": "2026-01-28T06:11:56.258Z"
  }
},
{
  "model": "core.availability",
  "pk": 20,
  "fields": {
    "employee": 2,
    "date": "2026-02-05",
    "start_time": "20:00:00",
    "end_time": "20:50:00",
    "is_available": true,
    "updated_at": "2026-01-28T06:11:56.262Z"
  }
},
{
  "model": "core.availability",
  "pk": 48,
  "fields": {
    "employee": 4,
    "date": "2026-01-26",
    "start_time": "11:00:00",
    "end_time": "11:50:00",
    "is_available": true,
    "updated_at": "2026-01-29T06:38:40.825Z"
  }
},
{
  "model": "core.availability",
  "pk": 49,
  "fields": {
    "employee": 4,
    "date": "2026-01-26",
    "start_time": "12:00:00",
    "end_time": "12:50:00",
    "is_available": true,
    "updated_at": "2026-01-29T06:38:40.825Z"
  }
},
{
  "model": "core.availability",
  "pk": 50,
  "fields": {
    "employee": 4,
    "date": "2026-01-26",
    "start_time": "13:00:00",
    "end_time": "13:50:00",
    "is_available": true,
    "updated_at": "2026-01-29T06:38:40.825Z"
  }
},
{
  "model": "core.availability",
  "pk": 51,
  "fields": {
    "employee": 4,
    "date": "2026-01-27",
    "start_time": "14:00:00",
    "end_time": "14:50:00",
    "is_available": true,
    "updated_at": "2026-01-29T06:38:40.825Z"
  }
},
{
  "model": "core.availability",
  "pk": 52,
  "fields": {
    "employee": 4,
    "date": "2026-01-27",
    "start_time": "15:00:00",
    "end_time": "15:50:00",
    "is_available": true,
    "updated_at": "2026-01-29T06:38:40.825Z"
  }
},
{
  "model": "core.availability",
  "pk": 53,
  "fields": {
    "employee": 4,
    "date": "2026-01-27",
    "start_time": "16:00:00",
    "end_time": "16:50:00",
    "is_available": true,
    "updated_at": "2026-01-29T06:38:40.825Z"
  }
},
{
  "model": "core.availability",
  "pk": 54,
  "fields": {
    "employee": 4,
    "date": "2026-01-27",
    "start_time": "17:00:00",
    "end_time": "17:50:00",
    "is_available": true,
    "updated_at": "2026-01-29T06:38:40.825Z"
  }
},
{
  "model": "core.availability",
  "pk": 55,
  "fields": {
    "employee": 4,
    "date": "2026-02-02",
    "start_time": "09:00:00",
    "end_time": "09:50:00",
    "is_available": true,
    "updated_at": "2026-01-29T06:41:14.423Z"
  }
},
{
  "model": "core.availability",
  "pk": 56,
  "fields": {
    "employee": 4,
    "date": "2026-02-02",
    "start_time": "10:00:00",
    "end_time": "10:50:00",
    "is_available": true,
    "updated_at": "2026-01-29T06:41:14.423Z"
  }
},
{
  "model": "core.availability",
  "pk": 57,
  "fields": {
    "employee": 4,
    "date": "2026-02-02",
    "start_time": "11:00:00",
    "end_time": "11:50:00",
    "is_available": true,
    "updated_at": "2026-01-29T06:41:14.423Z"
  }
},
{
  "model": "core.availability",
  "pk": 58,
  "fields": {
    "employee": 4,
    "date": "2026-02-03",
    "start_time": "15:00:00",
    "end_time": "15:50:00",
    "is_available": true,
    "updated_at": "2026-01-29T06:41:14.423Z"
  }
},
{
  "model": "core.availability",
  "pk": 59,
  "fields": {
    "employee": 4,
    "date": "2026-02-03",
    "start_time": "16:00:00",
    "end_time": "16:50:00",
    "is_available": true,
    "updated_at": "2026-01-29T06:41:14.424Z"
  }
},
{
  "model": "core.availability",
  "pk": 60,
  "fields": {
    "employee": 4,
    "date": "2026-02-03",
    "start_time": "17:00:00",
    "end_time": "17:50:00",
    "is_available": true,
    "updated_at": "2026-01-29T06:41:14.424Z"
  }
},
{
  "model": "core.availability",
  "pk": 67,
  "fields": {
    "employee": 4,
    "date": "2026-02-09",
    "start_time": "09:00:00",
    "end_time": "09:50:00",
    "is_available": true,
    "updated_at": "2026-01-29T06:42:52.912Z"
  }
},
{
  "model": "core.availability",
  "pk": 68,
  "fields": {
    "employee": 4,
    "date": "2026-02-09",
    "start_time": "10:00:00",
    "end_time": "10:50:00",
    "is_available": true,
    "updated_at": "2026-01-29T06:42:52.912Z"
  }
},
{
  "model": "core.availability",
  "pk": 69,
  "fields": {
    "employee": 4,
    "date": "2026-02-09",
    "start_time": "11:00:00",
    "end_time": "11:50:00",
    "is_available": true,
    "updated_at": "2026-01-29T06:42:52.912Z"
  }
},
{
  "model": "core.availability",
  "pk": 70,
  "fields": {
    "employee": 4,
    "date": "2026-02-10",
    "start_time": "15:00:00",
    "end_time": "15:50:00",
    "is_available": true,
    "updated_at": "2026-01-29T06:42:52.912Z"
  }
},
{
  "model": "core.availability",
  "pk": 71,
  "fields": {
    "employee": 4,
    "date": "2026-02-10",
    "start_time": "16:00:00",
    "end_time": "16:50:00",
    "is_available": true,
    "updated_at": "2026-01-29T06:42:52.912Z"
  }
},
{
  "model": "core.availability",
  "pk": 72,
  "fields": {
    "employee": 4,
    "date": "2026-02-10",
    "start_time": "17:00:00",
    "end_time": "17:50:00",
    "is_available": true,
    "updated_at": "2026-01-29T06:42:52.912Z"
  }
},
{
  "model": "core.availability",
  "pk": 73,
  "fields": {
    "employee": 4,
    "date": "2026-02-11",
    "start_time": "14:00:00",
    "end_time": "14:50:00",
    "is_available": true,
    "updated_at": "2026-01-29T06:42:52.912Z"
  }
},
{
  "model": "core.availability",
  "pk": 74,
  "fields": {
    "employee": 4,
    "date": "2026-02-11",
    "start_time": "15:00:00",
    "end_time": "15:50:00",
    "is_available": true,
    "updated_at": "2026-01-29T06:42:52.912Z"
  }
},
{
  "model": "core.availability",
  "pk": 75,
  "fields": {
    "employee": 4,
    "date": "2026-02-11",
    "start_time": "16:00:00",
    "end_time": "16:50:00",
    "is_available": true,
    "updated_at": "2026-01-29T06:42:52.912Z"
  }
},
{
  "model": "core.scheduleapproval",
  "pk": 1,
  "fields": {
    "schedule": 1,
    "employee": 2,
    "approved": true,
    "comment": "",
    "responded_at": "2026-01-28T06:59:07.654Z",
    "created_at": "2026-01-28T06:12:22.707Z"
  }
},
{
  "model": "core.scheduleapproval",
  "pk": 2,
  "fields": {
    "schedule": 1,
    "employee": 3,
    "approved": true,
    "comment": "",
    "responded_at": "2026-01-28T06:56:58.321Z",
    "created_at": "2026-01-28T06:12:22.710Z"
  }
},
{
  "model": "core.scheduleapproval",
  "pk": 3,
  "fields": {
    "schedule": 1,
    "employee": 4,
    "approved": false,
    "comment": "с миленой в 1 время почему у нее не сменился еще",
    "responded_at": "2026-01-28T07:12:24.399Z",
    "created_at": "2026-01-28T07:12:24.403Z"
  }
}
]
